{"cameraMode":{"drawMode":0,"name":"Shaded","section":"Shading Mode"},"sceneLighting":true,"audioPlay":false,"sceneViewState":{"m_AlwaysRefresh":false,"showFog":true,"showSkybox":true,"showFlares":true,"showImageEffects":true,"showParticleSystems":true,"showVisualEffectGraphs":true,"m_FxEnabled":false},"in2DMode":false,"pivot":{"x":-6.169044494628906,"y":-24.054706573486329,"z":10.525533676147461},"rotation":{"x":0.5170386433601379,"y":0.11858417838811875,"z":-0.07260662317276001,"w":0.8446248173713684},"size":16.229644775390626,"orthographic":false}